region_id,region_name
1,"North Judithbury, Northern Mariana Islands"
2,"Lake Curtis, Czech Republic"
3,"New Roberttown, Saint Vincent and the Grenadines"
4,"East William, Bermuda"
5,"Lake Debra, Anguilla"
6,"Robinsonshire, Mayotte"
7,"Port Lindachester, Fiji"
8,"Ericmouth, Guam"
9,"South Colinstad, Bosnia and Herzegovina"
10,"Lindsaymouth, Netherlands"
11,"South Christianport, Mauritania"
12,"Barbaraland, Switzerland"
13,"Port Keith, Aruba"
14,"Port Craig, Belgium"
15,"Reidstad, Fiji"
16,"Michaelview, Central African Republic"
17,"New Cynthiaside, Reunion"
18,"East Steven, Saint Lucia"
19,"Lake Mark, Faroe Islands"
20,"East Lydiamouth, Seychelles"
21,"Carlshire, Iran"
22,"Jasonfort, Turkey"
23,"Thomasberg, Indonesia"
24,"Juliechester, Egypt"
25,"Coxberg, Ukraine"
26,"Daviston, Malawi"
27,"East Courtneychester, Tokelau"
28,"South Patrickmouth, Nepal"
29,"Tashatown, Marshall Islands"
30,"Lake Nicoleview, Pitcairn Islands"
31,"Danielchester, Seychelles"
32,"Smithview, Cayman Islands"
33,"New Rita, Macao"
34,"Meaganhaven, Trinidad and Tobago"
35,"East Nathaniel, New Caledonia"
36,"New Mariotown, Central African Republic"
37,"Natashaport, Bouvet Island (Bouvetoya)"
38,"East Natalieland, Dominican Republic"
39,"Cabreraside, Belize"
40,"East Donna, Seychelles"
41,"West Allison, Yemen"
42,"Brandtside, New Caledonia"
43,"Lake Larry, Saudi Arabia"
44,"Samuelhaven, Paraguay"
45,"East Jeffreymouth, Korea"
46,"New Jeffrey, Angola"
47,"East Carloston, Barbados"
48,"Chadbury, Tokelau"
49,"Lewisberg, Fiji"
50,"Sanchezfort, Saint Kitts and Nevis"
51,"Leeville, Sri Lanka"
52,"Gomezchester, Palestinian Territory"
53,"Lake Deniseville, Lao People's Democratic Republic"
54,"Chandlerville, Bahamas"
55,"East Amanda, Egypt"
56,"Whitemouth, Burundi"
57,"South Lindseyside, Egypt"
58,"Lake Yvettetown, Bolivia"
59,"East Richard, Bermuda"
60,"Port Richard, Liberia"
61,"South Aaron, Bahamas"
62,"Saramouth, Iceland"
63,"Hortonside, France"
64,"Mooreport, Panama"
65,"New Jillton, Cuba"
66,"Brianshire, San Marino"
67,"North Susan, Lesotho"
68,"North Brooke, Belgium"
69,"South David, Peru"
70,"New Brooke, Tuvalu"
71,"South Dianeshire, Niger"
72,"Sarahborough, Mali"
73,"Johnfurt, Paraguay"
74,"Stephenland, Bulgaria"
75,"Howellshire, Algeria"
76,"New Jasonview, Bolivia"
77,"Nicolebury, Bulgaria"
78,"Ericside, Heard Island and McDonald Islands"
79,"Cherylhaven, Romania"
80,"Sarahville, Algeria"
81,"West Darrell, Wallis and Futuna"
82,"West Juan, Botswana"
83,"Jamesview, Cote d'Ivoire"
84,"Kington, Madagascar"
85,"Calderonton, Bermuda"
86,"Kellieview, Afghanistan"
87,"Arnoldchester, Central African Republic"
88,"North Charlesberg, Monaco"
89,"Port Mikeside, Mayotte"
90,"Andersonport, Cameroon"
91,"West Jasonbury, Haiti"
92,"West Kimberlychester, Papua New Guinea"
93,"East Michelle, Niger"
94,"South Angel, South Georgia and the South Sandwich Islands"
95,"Kimberlychester, Saint Pierre and Miquelon"
96,"West Erik, Spain"
97,"South Monicafort, Reunion"
98,"Port Samantha, Cyprus"
99,"Loribury, Guernsey"
100,"Lake Jamesmouth, Czech Republic"
101,"Port Joshuahaven, Fiji"
102,"Sheilaville, Iran"
103,"Gregoryview, Turkey"
104,"New Ryanmouth, Argentina"
105,"South Rachelborough, Jordan"
106,"Lake Ryanhaven, Equatorial Guinea"
107,"West Ryan, Uzbekistan"
108,"Cindyville, Yemen"
109,"Williamchester, Saint Helena"
110,"Terryside, Greece"
111,"South Elizabeth, Brunei Darussalam"
112,"New Ashley, Hong Kong"
113,"West Justinchester, Iraq"
114,"Stevenmouth, Solomon Islands"
115,"New Thomas, Peru"
116,"Lake Christopher, United Arab Emirates"
117,"Clarencebury, Malaysia"
118,"Jeffreyborough, Peru"
119,"North Johnfort, Cameroon"
120,"South Robertshire, New Zealand"
121,"Snyderbury, Congo"
122,"Port Michelleville, Cameroon"
123,"Robinsonhaven, Slovakia (Slovak Republic)"
124,"New Johnville, Kyrgyz Republic"
125,"Port Steven, Korea"
126,"Stephaniemouth, Marshall Islands"
127,"Rivasside, New Zealand"
128,"Lake Michelle, Kiribati"
129,"Karenview, Korea"
130,"Simsview, Seychelles"
131,"Lake Justinview, Kazakhstan"
132,"Patricialand, Grenada"
133,"East Patrick, Burundi"
134,"North Robert, Cape Verde"
135,"Perryborough, Greenland"
136,"Priceshire, Syrian Arab Republic"
137,"Port Nicoleshire, Yemen"
138,"Smithstad, Hong Kong"
139,"Castanedachester, French Southern Territories"
140,"South Jeffrey, Mauritania"
141,"Johnsonmouth, Jordan"
142,"Ramseymouth, Paraguay"
143,"New Amanda, Uruguay"
144,"Vargastown, United States of America"
145,"Taylormouth, Belize"
146,"West Nicholasborough, Cocos (Keeling) Islands"
147,"Matthewfurt, Korea"
148,"Kingland, Fiji"
149,"Lake Amberstad, Latvia"
150,"Port Susanton, Czech Republic"
151,"East Jamestown, Saudi Arabia"
152,"East David, Nigeria"
153,"New Staciemouth, Paraguay"
154,"Katieburgh, Reunion"
155,"Port Loriport, New Caledonia"
156,"West Barbarafurt, Botswana"
157,"North Brittany, Indonesia"
158,"North Heidi, Switzerland"
159,"Port Tonyaton, Gabon"
160,"Stanleyland, Guatemala"
161,"Alexanderchester, Madagascar"
162,"Garciastad, Swaziland"
163,"Zimmermanchester, North Macedonia"
164,"Christinaside, Christmas Island"
165,"Marshallshire, Singapore"
166,"Melissaland, Ethiopia"
167,"Sanchezmouth, Fiji"
168,"Rogersfort, Montenegro"
169,"Hunterborough, Thailand"
170,"Matthewview, Guinea"
171,"New Stacyland, Moldova"
172,"Freemanbury, Dominican Republic"
173,"Brewerfort, Portugal"
174,"North Kellyfurt, Kiribati"
175,"West Elizabeth, Puerto Rico"
176,"Transtad, Heard Island and McDonald Islands"
177,"Michaelmouth, Jamaica"
178,"Johnville, Faroe Islands"
179,"West David, Saint Helena"
180,"East Javier, Mauritania"
181,"Jennyhaven, Liberia"
182,"Tinaborough, Nepal"
183,"West Harry, French Polynesia"
184,"West Brandon, American Samoa"
185,"Heidiberg, Austria"
186,"Garciatown, Northern Mariana Islands"
187,"Taylormouth, Montserrat"
188,"North Johnny, Guam"
189,"Wilsonland, Tokelau"
190,"Joneston, Iran"
191,"Port Anna, Canada"
192,"East Davidchester, Gabon"
193,"Port Alexandra, New Caledonia"
194,"Evansshire, Korea"
195,"Ashleyton, Japan"
196,"Port Jaredborough, New Zealand"
197,"East Johnside, Estonia"
198,"North Ricky, Belarus"
199,"Carterbury, Portugal"
200,"Jacquelinemouth, France"
201,"West Kristin, Barbados"
202,"South Danny, Niue"
203,"West Margaret, Czech Republic"
204,"East Laurashire, Barbados"
205,"Scottmouth, Uruguay"
206,"Hollyview, Portugal"
207,"Kimton, Macao"
208,"Navarroview, Tuvalu"
209,"East Suzanneshire, Anguilla"
210,"Port Emilyview, Namibia"
211,"Port Katelynfort, Morocco"
212,"Moonburgh, Maldives"
213,"Waltersfort, Myanmar"
214,"Baileymouth, Bermuda"
215,"Port Eugenechester, Gibraltar"
216,"Robertsfurt, Puerto Rico"
217,"South Christopherview, Suriname"
218,"Port Richardhaven, Gibraltar"
219,"Lake Mollymouth, Sweden"
220,"East Aprilfort, Isle of Man"
221,"Wolfborough, Niue"
222,"West Samuel, Ethiopia"
223,"Martinezbury, Qatar"
224,"West Andrea, Russian Federation"
225,"Davisville, Micronesia"
226,"Lake Marilynfort, Kyrgyz Republic"
227,"Williamview, Venezuela"
228,"Bairdbury, Israel"
229,"South James, Korea"
230,"Port Chad, Netherlands Antilles"
231,"Morganhaven, Sierra Leone"
232,"West Jessicashire, Ethiopia"
233,"Grimesmouth, Mozambique"
234,"Reedside, Mauritania"
235,"Gibsonmouth, Serbia"
236,"Lake John, Trinidad and Tobago"
237,"Port Kimberly, Hungary"
238,"Juliefurt, Aruba"
239,"South Tammie, Hungary"
240,"Mollymouth, Brunei Darussalam"
241,"Smithberg, Bolivia"
242,"North Terrance, Ireland"
243,"Cindyfurt, Estonia"
244,"Port Markside, Pakistan"
245,"Courtneyfort, Hong Kong"
246,"New Caseyport, Tunisia"
247,"South Tiffanyville, Denmark"
248,"Lake Kevin, Kenya"
249,"West Lauraport, Antarctica (the territory South of 60 deg S)"
250,"Ryanbury, Guinea-Bissau"
251,"Knightburgh, Marshall Islands"
252,"North Chelsea, Chile"
253,"South Roberta, Hong Kong"
254,"South Dana, Cambodia"
255,"Elizabethmouth, Kuwait"
256,"Ericaburgh, United Arab Emirates"
257,"Landryshire, Barbados"
258,"Vaughnmouth, French Southern Territories"
259,"Jamesfurt, Tanzania"
260,"Rodriguezfurt, Timor-Leste"
261,"Baileyport, Montserrat"
262,"Hillshire, Angola"
263,"New Julieport, Tonga"
264,"New Laurie, Singapore"
265,"New John, Cyprus"
266,"Lake Colton, Saudi Arabia"
267,"West Kristinaton, Niue"
268,"Jessicaland, Mozambique"
269,"Markchester, United States of America"
270,"East Kristin, China"
271,"Alyssaview, Turkey"
272,"West Robin, Switzerland"
273,"Coffeyport, Western Sahara"
274,"Lindamouth, San Marino"
275,"Port Tammy, Belarus"
276,"Coffeyside, Tokelau"
277,"Port Ralphview, Haiti"
278,"South Miguelview, Mauritania"
279,"Carsonstad, Myanmar"
280,"South Angel, Botswana"
281,"Rosebury, Turks and Caicos Islands"
282,"Lake Madisonport, Oman"
283,"Wilsonton, Pakistan"
284,"West Wendyville, Yemen"
285,"New Derek, Bhutan"
286,"Ellenside, Korea"
287,"South Diana, Italy"
288,"Gilbertview, Syrian Arab Republic"
289,"Jeffmouth, Antigua and Barbuda"
290,"Port Michael, Zambia"
291,"Amystad, Poland"
292,"Hillville, Bahamas"
293,"Davisborough, Yemen"
294,"North Kristinbury, Norway"
295,"North Maria, Brunei Darussalam"
296,"New Jason, Micronesia"
297,"West Kim, Trinidad and Tobago"
298,"West Micheleberg, Solomon Islands"
299,"Laurenville, Bulgaria"
300,"East Alexisbury, Panama"
301,"Alfredview, Namibia"
302,"Lake Robert, Austria"
303,"South Shanestad, Brazil"
304,"South Williamton, Malaysia"
305,"Stephentown, Saint Lucia"
306,"Boonechester, Bahamas"
307,"South Jennifermouth, Poland"
308,"West Charleneland, Barbados"
309,"Claudiashire, Brunei Darussalam"
310,"Oscarhaven, Mexico"
311,"Wagnerchester, French Polynesia"
312,"Port Dianaside, Bolivia"
313,"South Shannon, Saint Helena"
314,"Morganmouth, Denmark"
315,"Blairmouth, Iran"
316,"Elizabethstad, Japan"
317,"Lake Sandra, Zimbabwe"
318,"Port Christopherchester, Bangladesh"
319,"Lisaside, Bhutan"
320,"Elizabethchester, Bahamas"
321,"Parrishton, Guinea"
322,"Michaelshire, France"
323,"East Diane, Madagascar"
324,"West Meganstad, Czech Republic"
325,"Audreychester, Brazil"
326,"New Sarahview, Tanzania"
327,"West Jacqueline, Antarctica (the territory South of 60 deg S)"
328,"Michaelburgh, Georgia"
329,"New Diane, Trinidad and Tobago"
330,"Lake Cynthia, Bangladesh"
331,"Lake Alyssafurt, Antarctica (the territory South of 60 deg S)"
332,"Petersonstad, Italy"
333,"Kimberlyshire, Georgia"
334,"North Ericton, Nepal"
335,"West Scottchester, Peru"
336,"Perryborough, Libyan Arab Jamahiriya"
337,"West Russellport, Saudi Arabia"
338,"Roseport, Philippines"
339,"South Tracey, Aruba"
340,"East Kevinborough, Azerbaijan"
341,"Port Jonathan, Seychelles"
342,"North Tylerchester, Greece"
343,"South Amanda, China"
344,"Charleston, Denmark"
345,"South Samanthamouth, Jordan"
346,"Berrychester, Morocco"
347,"South Andrewmouth, French Guiana"
348,"Collierstad, Chile"
349,"Richardbury, Benin"
350,"Warrenfurt, Jordan"
351,"Juliebury, Trinidad and Tobago"
352,"North William, Grenada"
353,"Port Michael, Brazil"
354,"East Curtis, Saint Lucia"
355,"East Carrie, Equatorial Guinea"
356,"East Stephaniefort, Senegal"
357,"Maldonadoshire, Kyrgyz Republic"
358,"Michellemouth, Norway"
359,"Jonesmouth, Canada"
360,"Laurashire, Norfolk Island"
361,"Williamport, Azerbaijan"
362,"Johnsonstad, Kyrgyz Republic"
363,"Chaseland, Switzerland"
364,"Fordside, Nicaragua"
365,"South Reginashire, Zimbabwe"
366,"West Cassidy, Pakistan"
367,"North Shannon, Macao"
368,"Toniland, Sudan"
369,"North John, Madagascar"
370,"Warrenburgh, Kazakhstan"
371,"Samanthafurt, Haiti"
372,"Erikaton, Ireland"
373,"Cameronville, Somalia"
374,"Mitchellberg, Moldova"
375,"New Elizabethstad, Grenada"
376,"Andersonland, Georgia"
377,"Schneidermouth, Georgia"
378,"Lake Jacqueline, Suriname"
379,"Lake Ellenhaven, Yemen"
380,"West Kyleborough, Guyana"
381,"Leeberg, Guam"
382,"West Meganville, Cape Verde"
383,"Lake Matthewberg, Madagascar"
384,"Mooreburgh, Nepal"
385,"Lake Samuel, Switzerland"
386,"Ericabury, Isle of Man"
387,"Karenmouth, Kenya"
388,"West Tammy, Djibouti"
389,"Mckeeborough, Slovenia"
390,"Murrayport, Heard Island and McDonald Islands"
391,"Shawchester, Slovakia (Slovak Republic)"
392,"Port Cassandra, Central African Republic"
393,"Brettfort, Tunisia"
394,"Angelaville, Tunisia"
395,"West Christopherburgh, Rwanda"
396,"Whiteheadberg, Faroe Islands"
397,"Davisbury, Switzerland"
398,"Wilkersontown, Svalbard & Jan Mayen Islands"
399,"South Waynebury, Israel"
400,"West Jeffreymouth, Hungary"
401,"Port Jennifermouth, Venezuela"
402,"East Benjamin, Somalia"
403,"Hortonberg, United States Virgin Islands"
404,"Westtown, Senegal"
405,"North Jonathanberg, United Kingdom"
406,"Rodriguezport, Mexico"
407,"Davidbury, Dominica"
408,"Brownfort, Italy"
409,"Lake Zacharybury, Nepal"
410,"West Ruben, Saint Barthelemy"
411,"Johnchester, Nicaragua"
412,"New Theresaland, Colombia"
413,"South Morganton, Zimbabwe"
414,"Zavalaview, North Macedonia"
415,"West Kristinastad, San Marino"
416,"Port Bonniemouth, Dominican Republic"
417,"West Amyburgh, Burkina Faso"
418,"Pollardfort, Switzerland"
419,"Port Dennis, Norfolk Island"
420,"Johnsonborough, Saint Barthelemy"
421,"North Leslie, Aruba"
422,"Haysside, Georgia"
423,"Benjaminborough, Lebanon"
424,"Michelleton, France"
425,"Joshuastad, Tonga"
426,"Paulfurt, Jordan"
427,"South Heather, Guadeloupe"
428,"Lauriechester, Heard Island and McDonald Islands"
429,"Morrisonburgh, Belgium"
430,"Manuelland, Mayotte"
431,"Kirkchester, Greece"
432,"Bellton, Chad"
433,"Christinachester, Saint Lucia"
434,"North Emilyfurt, Falkland Islands (Malvinas)"
435,"North Douglas, Haiti"
436,"Johnsonland, New Caledonia"
437,"Michaelshire, Dominica"
438,"Lake Shannon, Antigua and Barbuda"
439,"Scottland, Heard Island and McDonald Islands"
440,"New Michael, Montserrat"
441,"Johnville, Germany"
442,"South April, Anguilla"
443,"West Kimberlymouth, United States Minor Outlying Islands"
444,"Heatherfort, Croatia"
445,"East Melissamouth, Cook Islands"
446,"Osbornmouth, China"
447,"Jennaside, Papua New Guinea"
448,"Patriciaburgh, Mauritius"
449,"Port Michael, Rwanda"
450,"East Laurabury, Czech Republic"
451,"Johnsonside, Somalia"
452,"Tannerside, Montserrat"
453,"North Kylefort, Bulgaria"
454,"Hammondshire, Malta"
455,"West Dawn, Barbados"
456,"Frazierstad, Korea"
457,"Port Tammy, Brunei Darussalam"
458,"Port Davidberg, Jersey"
459,"East Marcus, Gabon"
460,"West Stacey, Russian Federation"
461,"Meghanview, Maldives"
462,"Davidport, Congo"
463,"New Danielleshire, Nicaragua"
464,"East Donna, Western Sahara"
465,"Meganshire, Saint Helena"
466,"North Brandonshire, Armenia"
467,"Port Ashley, Estonia"
468,"South Pamelaside, Niger"
469,"Timothyfurt, French Guiana"
470,"Joneston, French Southern Territories"
471,"Perrymouth, Cayman Islands"
472,"Catherinemouth, Costa Rica"
473,"Jessicastad, Tokelau"
474,"Port Mitchell, Iran"
475,"West Johnville, Monaco"
476,"Wrightville, Ethiopia"
477,"Soniachester, Australia"
478,"Port Mark, Egypt"
479,"Jamesburgh, Morocco"
480,"Jimenezport, Luxembourg"
481,"North Sierrahaven, Luxembourg"
482,"East Brandy, Kuwait"
483,"West Troyfort, Australia"
484,"Port Danielberg, France"
485,"Jessicafurt, Turkmenistan"
486,"South Brettside, Haiti"
487,"Angelaland, Congo"
488,"Duranview, Hungary"
489,"East Theresafurt, Sweden"
490,"Angelastad, Holy See (Vatican City State)"
491,"East Carrie, Saudi Arabia"
492,"North Benjaminmouth, Iran"
493,"Stoneberg, Spain"
494,"West Sarah, New Caledonia"
495,"South Vicki, Ghana"
496,"Brittneyhaven, Saint Vincent and the Grenadines"
497,"Ericksonport, Switzerland"
498,"West Markville, Lebanon"
499,"Lauratown, Israel"
500,"Bakershire, Nepal"
501,"Lake Brett, Morocco"
502,"New Cristina, Lesotho"
503,"Hernandezbury, Niger"
504,"East Andrewmouth, Antigua and Barbuda"
505,"South Hannah, Italy"
506,"Salaston, Isle of Man"
507,"New Jared, Romania"
508,"Foxmouth, Greece"
509,"South Rhonda, Zimbabwe"
510,"Ericaview, Guam"
511,"Leebury, New Zealand"
512,"Jeffreyport, Fiji"
513,"Janetfort, Sierra Leone"
514,"Baileyview, Ghana"
515,"New Ericafurt, France"
516,"Cardenasberg, Ukraine"
517,"West Stephanieland, French Guiana"
518,"Douglasfort, Guatemala"
519,"Port Amanda, Croatia"
520,"Derrickshire, Venezuela"
521,"North Elizabeth, Dominican Republic"
522,"Lake Jesse, Marshall Islands"
523,"Riverafort, Bolivia"
524,"North Tamara, Bolivia"
525,"South Denise, Vanuatu"
526,"Woodsborough, Turkmenistan"
527,"Manuelton, Saudi Arabia"
528,"Lake Audreyside, United States of America"
529,"East Robertburgh, Saint Vincent and the Grenadines"
530,"Port Randyfort, Vietnam"
531,"Nancytown, Colombia"
532,"West Justinside, French Southern Territories"
533,"Smallberg, Malta"
534,"Nelsonville, Thailand"
535,"Lake Stephen, Greenland"
536,"North Jill, Equatorial Guinea"
537,"Ashleyborough, Somalia"
538,"Wilcoxhaven, China"
539,"South Elizabethburgh, Greece"
540,"Morrisbury, Burundi"
541,"Patrickmouth, Albania"
542,"Stephanieport, Sao Tome and Principe"
543,"West Desireebury, Myanmar"
544,"South Kurtfurt, Bahamas"
545,"Hannahport, Poland"
546,"East Susan, Heard Island and McDonald Islands"
547,"South Julie, Lesotho"
548,"Robertside, New Caledonia"
549,"Toddborough, United States Minor Outlying Islands"
550,"Lake Karen, Serbia"
551,"New Seanstad, Tunisia"
552,"North Mariahaven, Belarus"
553,"East Mark, Cook Islands"
554,"Wilsonborough, Mali"
555,"Davishaven, Saint Barthelemy"
556,"South Davidchester, Kiribati"
557,"New Stevenport, Korea"
558,"South Jonathantown, Saint Kitts and Nevis"
559,"New Charles, Samoa"
560,"Isabellaside, Jamaica"
561,"South Anthonychester, Bahamas"
562,"Port Darlene, Cocos (Keeling) Islands"
563,"Brooksfurt, Saint Lucia"
564,"Bennettside, Kiribati"
565,"Davidside, Burkina Faso"
566,"Lake Tiffany, India"
567,"Port Andrewport, Syrian Arab Republic"
568,"Patelbury, Kyrgyz Republic"
569,"Reedview, Egypt"
570,"North Lisachester, Comoros"
571,"East Jamieville, Nicaragua"
572,"South Carlaton, Nepal"
573,"South Scottside, Ecuador"
574,"East Williamport, Cuba"
575,"Barbaramouth, Djibouti"
576,"Nancyhaven, Dominica"
577,"Turnerton, Cyprus"
578,"Lake Erika, Moldova"
579,"Williamsstad, Moldova"
580,"Floydmouth, Western Sahara"
581,"Russellport, Qatar"
582,"Port Amanda, Honduras"
583,"West Meredith, Dominican Republic"
584,"Melendezside, Cambodia"
585,"Grantberg, Isle of Man"
586,"West James, Iceland"
587,"South Melanieland, Oman"
588,"North Joseph, Mauritania"
589,"Port Charlesshire, Peru"
590,"South Jason, Saint Kitts and Nevis"
591,"Kevintown, United States of America"
592,"Lake David, Croatia"
593,"Rochaborough, Saudi Arabia"
594,"New Marc, Indonesia"
595,"Owensstad, Finland"
596,"Michaelfort, Gambia"
597,"Port Tinafort, Lao People's Democratic Republic"
598,"Robinstad, Senegal"
599,"Williamsbury, Germany"
600,"North Jose, Saint Vincent and the Grenadines"
601,"Phillipsborough, Vietnam"
602,"South Ashley, Greenland"
603,"Piercemouth, Ecuador"
604,"Levyfort, Equatorial Guinea"
605,"Lake Laura, Kuwait"
606,"Lake Amy, Chile"
607,"New Arthurland, Colombia"
608,"Port Adamberg, Western Sahara"
609,"North Jasmine, Tajikistan"
610,"New Stephen, Algeria"
611,"Hopkinstown, Bahamas"
612,"Smithhaven, Albania"
613,"Amandaport, Saint Helena"
614,"Drakeburgh, Andorra"
615,"New Eduardoborough, Botswana"
616,"Lisaview, Niger"
617,"Millerfurt, South Africa"
618,"Lake Jeremiah, Kuwait"
619,"Lake Victoriaton, Poland"
620,"Grayside, Bermuda"
621,"Lake Albertburgh, Lebanon"
622,"Brucemouth, Belize"
623,"New Samanthabury, Mongolia"
624,"Nelsonland, Croatia"
625,"Rachelshire, Poland"
626,"East Sarahmouth, Palestinian Territory"
627,"New Douglas, Andorra"
628,"Hickmanport, Swaziland"
629,"New Mary, Central African Republic"
630,"Patrickberg, Iceland"
631,"New Juliestad, Somalia"
632,"South Jesseland, Austria"
633,"Novakmouth, Guam"
634,"Kristenmouth, Antarctica (the territory South of 60 deg S)"
635,"West Angela, Liechtenstein"
636,"Lopezshire, Honduras"
637,"Millerport, Panama"
638,"Lake Charles, South Georgia and the South Sandwich Islands"
639,"South Jennifer, Ethiopia"
640,"Lake Peter, North Macedonia"
641,"North Adamport, Guyana"
642,"Kathleenville, Kenya"
643,"East Ryanside, Bulgaria"
644,"Garcialand, Moldova"
645,"New Carlymouth, Guinea"
646,"Smithchester, Tonga"
647,"Lake Rachelbury, Iceland"
648,"Lake Oscar, Montserrat"
649,"Kevinfort, Burundi"
650,"East Ryanchester, Cameroon"
651,"Pattonstad, French Southern Territories"
652,"Lake Colleen, El Salvador"
653,"South Daniel, Nepal"
654,"South Martinfurt, Gabon"
655,"Scottchester, Spain"
656,"West Malik, Suriname"
657,"South Leon, Yemen"
658,"Kellyfort, Indonesia"
659,"West Nicholas, Morocco"
660,"Diazshire, Svalbard & Jan Mayen Islands"
661,"Lake Katrina, Cook Islands"
662,"Hahnborough, Anguilla"
663,"Marieland, Kazakhstan"
664,"Chambersberg, Svalbard & Jan Mayen Islands"
665,"Johnberg, North Macedonia"
666,"Mccormickland, Saint Barthelemy"
667,"Aguilarside, Kiribati"
668,"Stephensstad, Madagascar"
669,"North Kaylastad, Reunion"
670,"New Tonyafurt, Chad"
671,"Tammychester, Sao Tome and Principe"
672,"North Jonathanhaven, Botswana"
673,"South Neil, San Marino"
674,"West Whitney, Kyrgyz Republic"
675,"West Robertland, Liberia"
676,"West Larry, Brazil"
677,"New Timothy, Korea"
678,"South Jennifermouth, Lebanon"
679,"West Bradleyville, Ghana"
680,"Deborahburgh, Angola"
681,"New Greg, Venezuela"
682,"Anitamouth, Cayman Islands"
683,"Sotoburgh, Djibouti"
684,"Fosterborough, Northern Mariana Islands"
685,"Priceborough, Korea"
686,"Karenland, Costa Rica"
687,"Port Monicaburgh, Morocco"
688,"Jamesville, Haiti"
689,"Rosemouth, Estonia"
690,"Carrshire, Nepal"
691,"Michaelmouth, Brazil"
692,"Port Emily, Niger"
693,"Samanthashire, South Georgia and the South Sandwich Islands"
694,"West David, Belize"
695,"East Nathanielberg, Gambia"
696,"Barnesberg, Malawi"
697,"Hendersonfort, Morocco"
698,"New Garrett, North Macedonia"
699,"East Leonard, France"
700,"Port Michaeltown, Korea"
701,"East Lisa, Libyan Arab Jamahiriya"
702,"Ortizfort, Monaco"
703,"Burnsland, Israel"
704,"Port Kathleenport, Mongolia"
705,"Jeffreyport, Antigua and Barbuda"
706,"Cunninghamfort, Chile"
707,"New Dannyside, Mexico"
708,"Amberton, Swaziland"
709,"Paynechester, Senegal"
710,"West Nancy, Bosnia and Herzegovina"
711,"Bakerland, Antigua and Barbuda"
712,"Port Lisaborough, Kazakhstan"
713,"Michellechester, Sudan"
714,"Port Jamie, Chad"
715,"New Michaelview, Costa Rica"
716,"West Tiffany, Nepal"
717,"Ashleyhaven, French Guiana"
718,"East Sydneychester, United Arab Emirates"
719,"West Michelleberg, Uruguay"
720,"East Dustin, Reunion"
721,"Port Megan, Gibraltar"
722,"Thomasview, India"
723,"Brooksland, Niue"
724,"South Zacharyview, North Macedonia"
725,"Shawnfort, Puerto Rico"
726,"Port Kimland, Greece"
727,"Reidstad, Saint Martin"
728,"Port Amandaborough, Thailand"
729,"South Joseph, Japan"
730,"Matthewshire, Switzerland"
731,"Kramerton, Bulgaria"
732,"Lake Kristenmouth, Aruba"
733,"Port Ericmouth, Andorra"
734,"Harrisberg, Afghanistan"
735,"Erikview, Turkmenistan"
736,"Johnstad, Bermuda"
737,"North Randy, Papua New Guinea"
738,"South Diana, Gambia"
739,"North Jasonland, Romania"
740,"New Erin, Bulgaria"
741,"Lake Matthewville, Algeria"
742,"Bensonfort, Tokelau"
743,"South Christopher, Barbados"
744,"North Lawrenceport, Sri Lanka"
745,"Ayalaberg, Burundi"
746,"North Alyssa, Norway"
747,"South Michael, Algeria"
748,"South Christina, Croatia"
749,"North Peggy, Kenya"
750,"New Jessicastad, Burundi"
751,"Kyliebury, Japan"
752,"East Angelaport, Falkland Islands (Malvinas)"
753,"Port Melanieport, Slovakia (Slovak Republic)"
754,"Lake Peter, Costa Rica"
755,"Port Rachaelbury, Oman"
756,"Rodriguezfort, Lithuania"
757,"New Pamelatown, Northern Mariana Islands"
758,"Davidshire, Guyana"
759,"Amyburgh, Italy"
760,"Bestland, Serbia"
761,"North Joseton, Andorra"
762,"Port Raymondport, Uzbekistan"
763,"Hendersonfurt, Niue"
764,"West Christopher, Belize"
765,"Port Eric, Belgium"
766,"Willisland, Greece"
767,"Blairbury, Georgia"
768,"North Sandy, Azerbaijan"
769,"Salazarton, Brazil"
770,"North Alexander, Georgia"
771,"East Tylerstad, Burundi"
772,"Garyberg, Mali"
773,"Jessicaville, San Marino"
774,"West Lindsayview, Sierra Leone"
775,"West Jennifershire, Malta"
776,"South Spencerstad, Niue"
777,"Villarrealburgh, Azerbaijan"
778,"West Kerri, Heard Island and McDonald Islands"
779,"East Joycetown, Uganda"
780,"East Brandonstad, Aruba"
781,"East Sarah, Hungary"
782,"New Lindachester, Togo"
783,"Johnmouth, Czech Republic"
784,"New Nathanhaven, Faroe Islands"
785,"East Jeffreyhaven, Peru"
786,"Jonesmouth, Aruba"
787,"Kiaraport, Tonga"
788,"New Stephenstad, Greece"
789,"Anneport, Cook Islands"
790,"South Micheal, Saint Vincent and the Grenadines"
791,"Lake Rachel, Lithuania"
792,"East Adam, Senegal"
793,"East Ambertown, Ireland"
794,"Aaronfurt, Zambia"
795,"Daltonhaven, Thailand"
796,"Vasquezton, Dominica"
797,"Christopherbury, Cambodia"
798,"Haynesstad, Ukraine"
799,"New Codyberg, Kuwait"
800,"Jonesshire, Northern Mariana Islands"
801,"Batesberg, Bahamas"
802,"Josemouth, Dominica"
803,"Haynesmouth, Vanuatu"
804,"Nelsonland, Ghana"
805,"East Kimberly, Western Sahara"
806,"East Danielmouth, Myanmar"
807,"Richardside, Lao People's Democratic Republic"
808,"South Kyle, Guinea-Bissau"
809,"North Ericport, Estonia"
810,"East Marymouth, Sweden"
811,"Lake Johnstad, Cameroon"
812,"Lake Kentburgh, Indonesia"
813,"Bondside, Antarctica (the territory South of 60 deg S)"
814,"North Steven, San Marino"
815,"North Alexander, Spain"
816,"East James, Switzerland"
817,"Ginaland, Iran"
818,"Samanthaland, Myanmar"
819,"East Rachelmouth, Angola"
820,"North Rebecca, Sudan"
821,"Davidmouth, Switzerland"
822,"New Ryan, Australia"
823,"Crawfordfurt, Saint Kitts and Nevis"
824,"Thompsonborough, Pitcairn Islands"
825,"West Joshua, United States of America"
826,"North Christina, Turks and Caicos Islands"
827,"Lake Kenneth, Nicaragua"
828,"Brownview, Isle of Man"
829,"South James, Hungary"
830,"Lake Virginia, Turks and Caicos Islands"
831,"South Kimberlystad, Mayotte"
832,"Coopershire, Lesotho"
833,"Paulburgh, Macao"
834,"Carlatown, Anguilla"
835,"Brianfort, Ukraine"
836,"Katiebury, Marshall Islands"
837,"East Dianeview, Cayman Islands"
838,"Port Wendybury, Martinique"
839,"Kellyburgh, Morocco"
840,"New Louis, Christmas Island"
841,"Robintown, Saint Pierre and Miquelon"
842,"Staceyshire, Romania"
843,"Port Vanessa, Cambodia"
844,"Weaverburgh, Turkmenistan"
845,"North Brianbury, Liechtenstein"
846,"Smithborough, Angola"
847,"West Jennifer, Sri Lanka"
848,"Brianberg, Uruguay"
849,"Port Daniel, Namibia"
850,"Susanstad, Malta"
851,"Willismouth, Romania"
852,"Derekburgh, Gabon"
853,"Connerfort, Saint Martin"
854,"Grantside, Pakistan"
855,"Jeffreyshire, Puerto Rico"
856,"South Kurt, Suriname"
857,"Davidtown, Portugal"
858,"Rosalesshire, Yemen"
859,"New Lucas, Antigua and Barbuda"
860,"Lake Ariana, Sudan"
861,"Taylorland, Vietnam"
862,"Toniburgh, Dominica"
863,"Port Jennamouth, North Macedonia"
864,"West Jasonland, Kiribati"
865,"Kristintown, Guernsey"
866,"Kimchester, Australia"
867,"Snyderfurt, Chad"
868,"Garciafort, Guernsey"
869,"East Shannon, Solomon Islands"
870,"West Andrewview, South Georgia and the South Sandwich Islands"
871,"North Matthewfurt, Zambia"
872,"New Shellyland, Central African Republic"
873,"Bushchester, Guadeloupe"
874,"New Pamela, Western Sahara"
875,"North Markborough, Cayman Islands"
876,"Donnaport, Ireland"
877,"North Philipside, Dominica"
878,"Hernandezstad, Tajikistan"
879,"Millerfort, Afghanistan"
880,"North Jamieport, Cook Islands"
881,"Anthonyport, Belgium"
882,"Ruizview, Slovenia"
883,"Lopezfurt, Bermuda"
884,"South Bradley, Heard Island and McDonald Islands"
885,"Bakerview, Kazakhstan"
886,"East Karenville, Mongolia"
887,"Lindseychester, Belize"
888,"New Bruce, Saudi Arabia"
889,"Sheppardfort, Iceland"
890,"South Kent, Montserrat"
891,"New Ashleyhaven, Indonesia"
892,"North Stacy, South Georgia and the South Sandwich Islands"
893,"East Teresa, Kiribati"
894,"East Brad, Sri Lanka"
895,"Harrisberg, Belgium"
896,"Luisland, Syrian Arab Republic"
897,"Hawkinsside, Benin"
898,"Apriltown, Greece"
899,"Rodriguezberg, Solomon Islands"
900,"North Annaville, Cameroon"
901,"Mikaylastad, Solomon Islands"
902,"Bakerfort, Turkey"
903,"Johnsonview, Montserrat"
904,"New Charlotte, Iraq"
905,"Williamsmouth, Puerto Rico"
906,"North Julie, Portugal"
907,"Pennytown, Uruguay"
908,"Larryfort, Guadeloupe"
909,"Port Jeremyport, Togo"
910,"Schroedermouth, Samoa"
911,"Jacobsland, Ethiopia"
912,"Lewischester, Comoros"
913,"Malonestad, Saint Vincent and the Grenadines"
914,"New Laceyland, Swaziland"
915,"Taylorhaven, Georgia"
916,"East Jamesborough, Turkmenistan"
917,"East Antonioton, Taiwan"
918,"Janetview, Uruguay"
919,"Wagnerville, Heard Island and McDonald Islands"
920,"East Nathanmouth, Pitcairn Islands"
921,"Matthewsstad, Christmas Island"
922,"Port Patricia, Guatemala"
923,"West Anthonyton, San Marino"
924,"Port Jeffrey, Central African Republic"
925,"West Denise, Czech Republic"
926,"Port Kimberlytown, Malaysia"
927,"Lake Glen, Lebanon"
928,"East Johnnyport, Spain"
929,"Rodneyfurt, Rwanda"
930,"Stephenborough, Timor-Leste"
931,"Ericafurt, Lao People's Democratic Republic"
932,"North Williamstad, Myanmar"
933,"Kennethville, Monaco"
934,"West Vanessamouth, Liberia"
935,"Joseport, Tokelau"
936,"New Kathy, Comoros"
937,"Port Meredithfurt, United Arab Emirates"
938,"Erintown, Panama"
939,"Brightview, Palau"
940,"Sullivanton, United States of America"
941,"West Jessica, Myanmar"
942,"Knoxstad, Cyprus"
943,"Meganside, Madagascar"
944,"Connorberg, Cocos (Keeling) Islands"
945,"Jessicaside, Saint Vincent and the Grenadines"
946,"Lake Rachel, Serbia"
947,"East Michaelport, Palau"
948,"Nathanshire, Italy"
949,"Yorkfort, French Polynesia"
950,"South Pamelahaven, Austria"
951,"Morenochester, British Indian Ocean Territory (Chagos Archipelago)"
952,"East Victoria, Austria"
953,"Benitezmouth, Guam"
954,"Michelleburgh, Cambodia"
955,"South Marvinburgh, Slovakia (Slovak Republic)"
956,"North Shannonborough, Germany"
957,"New Kathy, Senegal"
958,"East Christinachester, Liechtenstein"
959,"Sanfordfurt, Iraq"
960,"New Jamesstad, Albania"
961,"West Katherinehaven, Zambia"
962,"Lake Adambury, Comoros"
963,"Larryville, Czech Republic"
964,"Garyton, Hungary"
965,"Stephenhaven, French Southern Territories"
966,"Ryanberg, Nepal"
967,"Howardborough, Guam"
968,"Smithbury, Chad"
969,"East Jessica, Saint Lucia"
970,"North Michael, Namibia"
971,"South Nancyview, Pakistan"
972,"New Virginiaville, Sierra Leone"
973,"North Hannahchester, Palau"
974,"Martinezview, Kenya"
975,"East Heather, Lebanon"
976,"West Robertville, Norfolk Island"
977,"Cindyberg, Panama"
978,"New Jenniferville, Italy"
979,"Port Danielborough, Finland"
980,"Port Jose, New Caledonia"
981,"West Jade, Mali"
982,"North Amy, French Polynesia"
983,"Lake Sarah, United States Minor Outlying Islands"
984,"North Alexander, Greenland"
985,"Port Audreyfort, Benin"
986,"Port Williamville, Canada"
987,"Dawnmouth, United Kingdom"
988,"Stevenville, French Polynesia"
989,"Port Benjamin, Suriname"
990,"Lauriemouth, French Guiana"
991,"North Melissaton, Japan"
992,"Lake Deborah, Algeria"
993,"Patriciaview, Greenland"
994,"West Lisaburgh, Turkey"
995,"Rossmouth, Brazil"
996,"Vaughnfort, Faroe Islands"
997,"Banksburgh, South Georgia and the South Sandwich Islands"
998,"Lake Jessica, Bouvet Island (Bouvetoya)"
999,"North Robert, Western Sahara"
1000,"Phammouth, Nauru"
